Date,Forecast,Model
2017-06-26,9.5,Naive
2017-06-27,9.5,Naive
2017-06-28,9.5,Naive
2017-06-29,9.5,Naive
2017-06-30,9.5,Naive
2017-07-01,9.5,Naive
2017-07-02,9.5,Naive
2017-07-03,9.5,Naive
2017-07-04,9.5,Naive
2017-07-05,9.5,Naive
2017-07-06,9.5,Naive
2017-07-07,9.5,Naive
2017-07-08,9.5,Naive
2017-07-09,9.5,Naive
2017-07-10,9.5,Naive
2017-07-11,9.5,Naive
2017-07-12,9.5,Naive
2017-07-13,9.5,Naive
2017-07-14,9.5,Naive
2017-07-15,9.5,Naive
2017-07-16,9.5,Naive
2017-07-17,9.5,Naive
2017-07-18,9.5,Naive
2017-07-19,9.5,Naive
2017-07-20,9.5,Naive
2017-07-21,9.5,Naive
2017-07-22,9.5,Naive
2017-07-23,9.5,Naive
2017-07-24,9.5,Naive
2017-07-25,9.5,Naive
